month,no,date,time,soil_temp,surfacetemp,air_temp,hu,?
sep,0,22.09.2023,00:00:00,18.31,18.375,18.375,562,202
sep,1,22.09.2023,00:15:00,18.25,18.375,18.25,562,202
sep,2,22.09.2023,00:30:00,18.25,18.25,18.25,562,202
sep,3,22.09.2023,00:45:00,18.1875,18.25,18.1875,562,202
sep,4,22.09.2023,01:00:00,18.125,18.25,18.125,562,202
sep,5,22.09.2023,01:15:00,18.125,18.1875,18.125,561,202
sep,6,22.09.2023,01:30:00,18.125,18.125,18.125,561,202
sep,7,22.09.2023,01:45:00,18.0625,18.125,18.0625,561,202
sep,8,22.09.2023,02:00:00,18,18.0625,18,561,202
sep,9,22.09.2023,02:15:00,18,18,18,561,202
sep,10,22.09.2023,02:30:00,18,18,18,561,202
sep,11,22.09.2023,02:45:00,18,18,17.9375,560,202
sep,12,22.09.2023,03:00:00,18,18,17.875,560,202
sep,13,22.09.2023,03:15:00,18,18,17.875,560,202
sep,14,22.09.2023,03:30:00,17.9375,18,17.875,560,202
sep,15,22.09.2023,03:45:00,17.9375,17.9375,17.875,560,202
sep,16,22.09.2023,04:00:00,17.9375,17.9375,17.875,560,202
sep,17,22.09.2023,04:15:00,17.875,17.875,17.875,560,202
sep,18,22.09.2023,04:30:00,17.875,17.875,17.875,560,202
sep,19,22.09.2023,04:45:00,17.875,17.875,17.8125,560,202
sep,20,22.09.2023,05:00:00,17.875,17.875,17.8125,560,202
sep,21,22.09.2023,05:15:00,17.875,17.875,17.75,560,202
sep,22,22.09.2023,05:30:00,17.8125,17.875,17.75,560,202
sep,23,22.09.2023,05:45:00,17.8125,17.8125,17.75,560,202
sep,24,22.09.2023,06:00:00,17.75,17.75,17.75,560,202
sep,25,22.09.2023,06:15:00,17.75,17.75,17.75,559,202
sep,26,22.09.2023,06:30:00,17.75,17.75,17.75,560,202
sep,27,22.09.2023,06:45:00,17.75,17.75,17.75,559,202
sep,28,22.09.2023,07:00:00,17.75,17.75,17.75,560,202
sep,29,22.09.2023,07:15:00,17.8125,17.75,17.75,560,202
sep,30,22.09.2023,07:30:00,17.875,17.8125,17.75,560,202
sep,31,22.09.2023,07:45:00,17.9375,17.875,17.875,560,202
sep,32,22.09.2023,08:00:00,18,17.875,17.875,560,202
sep,33,22.09.2023,08:15:00,18,17.9375,17.875,560,202
sep,34,22.09.2023,08:30:00,18,17.9375,17.875,560,202
sep,35,22.09.2023,08:45:00,17.9375,17.875,17.875,560,202
sep,36,22.09.2023,09:00:00,17.9375,18,18,529,202
sep,37,22.09.2023,09:15:00,16.75,17.375,17.125,528,202
sep,38,22.09.2023,09:30:00,15.75,16.8125,17.375,639,202
sep,39,22.09.2023,09:45:00,15.375,16.375,16.9375,629,202
sep,40,22.09.2023,10:00:00,15.125,16.0625,16.5,623,202
sep,41,22.09.2023,10:15:00,15.125,15.9375,16.375,623,202
sep,42,22.09.2023,10:30:00,15.0625,15.875,16.375,622,202
sep,43,22.09.2023,10:45:00,15,15.75,15.8125,587,202
sep,44,22.09.2023,11:00:00,14.875,15.5,15.25,715,202
sep,45,22.09.2023,11:15:00,14.6875,15.25,15.1875,699,202
sep,46,22.09.2023,11:30:00,14.6875,15.125,15,683,202
sep,47,22.09.2023,11:45:00,14.625,14.875,14.75,547,202
sep,48,22.09.2023,12:00:00,14.75,14.875,14.6875,531,202
sep,49,22.09.2023,12:15:00,14.75,14.875,14.6875,531,202
sep,50,22.09.2023,12:30:00,15.1875,15.3125,15.875,520,202
sep,51,22.09.2023,12:45:00,15.875,16.375,17.625,525,202
sep,52,22.09.2023,13:00:00,16.5,17.25,18.75,529,202
sep,53,22.09.2023,13:15:00,16.8125,17.875,19.1875,532,202
sep,54,22.09.2023,13:30:00,17.5,18.5,19.875,531,202
sep,55,22.09.2023,13:45:00,18.0625,19.1875,20.8125,534,202
sep,56,22.09.2023,14:00:00,18.375,19.625,21.1875,536,202
sep,57,22.09.2023,14:15:00,18.4375,19.875,21.1875,537,202
sep,58,22.09.2023,14:30:00,18.375,19.9375,21,537,202
sep,59,22.09.2023,14:45:00,18.3125,19.875,20.75,537,202
sep,60,22.09.2023,15:00:00,18.25,19.75,20.5,536,202
sep,61,22.09.2023,15:15:00,18.125,19.625,20.1875,535,202
sep,62,22.09.2023,15:30:00,18,19.375,19.875,534,202
sep,63,22.09.2023,15:45:00,17.875,19.125,19.5625,533,202
sep,64,22.09.2023,16:00:00,17.75,18.9375,19.25,538,202
sep,65,22.09.2023,16:15:00,13.5,16.875,15.75,1395,202
sep,66,22.09.2023,16:30:00,13.25,12.625,12.4375,1399,202
sep,67,22.09.2023,16:45:00,13.125,11.375,11.25,1405,202
sep,68,22.09.2023,17:00:00,12.9375,11.25,11.1875,1415,202
sep,69,22.09.2023,17:15:00,12.8125,11,11.375,1426,202
sep,70,22.09.2023,17:30:00,12.75,11,11.375,1432,202
sep,71,22.09.2023,17:45:00,12.625,11.125,11.4375,1438,202
sep,72,22.09.2023,18:00:00,12.5625,11,11.375,1442,202
sep,73,22.09.2023,18:15:00,12.5,10.8125,11.125,1445,202
sep,74,22.09.2023,18:30:00,12.375,10.625,11,1450,202
sep,75,22.09.2023,18:45:00,12.25,10.3125,10.875,1452,202
sep,76,22.09.2023,19:00:00,12.1875,10.25,10.8125,1455,202
sep,77,22.09.2023,19:15:00,12.0625,10.3125,11,1458,202
sep,78,22.09.2023,19:30:00,12,10.6875,11.4375,1460,202
sep,79,22.09.2023,19:45:00,11.875,10.75,11.25,1462,202
sep,80,22.09.2023,20:00:00,11.8125,10.75,11.125,1463,202
sep,81,22.09.2023,20:15:00,11.75,10.5,10.875,1464,202
sep,82,22.09.2023,20:30:00,11.75,10.375,10.75,1466,202
sep,83,22.09.2023,20:45:00,11.6875,10.125,10.375,1467,202
sep,84,22.09.2023,21:00:00,11.625,10,10.125,1469,202
sep,85,22.09.2023,21:15:00,11.625,10.0625,10.25,1472,202
sep,86,22.09.2023,21:30:00,11.5,10,10.0625,1481,202
sep,87,22.09.2023,21:45:00,11.5,9.875,10.0625,1478,202
sep,88,22.09.2023,22:00:00,11.5,9.8125,9.9375,1480,202
sep,89,22.09.2023,22:15:00,11.4375,9.6875,9.875,1482,202
sep,90,22.09.2023,22:30:00,11.375,9.8125,10,1484,202
sep,91,22.09.2023,22:45:00,11.375,9.1875,9.375,1485,202
sep,92,22.09.2023,23:00:00,11.25,9,9.3125,1488,202
sep,93,22.09.2023,23:15:00,11.25,8.875,9.375,1490,202
sep,94,22.09.2023,23:30:00,11.125,8.5625,9.125,1490,202
sep,95,22.09.2023,23:45:00,11.0625,8.5,8.9375,1493,202
sep,96,23.09.2023,00:00:00,11.0625,8.625,9,1495,202
sep,97,23.09.2023,00:15:00,10.9375,8.625,8.8125,1496,202
sep,98,23.09.2023,00:30:00,10.875,8.6875,8.75,1499,202
sep,99,23.09.2023,00:45:00,10.875,8.75,8.8125,1500,202
sep,100,23.09.2023,01:00:00,10.8125,8.8125,8.6875,1501,202
sep,101,23.09.2023,01:15:00,10.8125,8.875,8.625,1503,202
sep,102,23.09.2023,01:30:00,10.75,8.875,8.6875,1504,202
sep,103,23.09.2023,01:45:00,10.75,8.875,8.75,1506,202
sep,104,23.09.2023,02:00:00,10.75,8.5,8.5625,1507,202
sep,105,23.09.2023,02:15:00,10.75,8.375,8.25,1510,202
sep,106,23.09.2023,02:30:00,10.6875,8.0625,7.9375,1542,202
sep,107,23.09.2023,02:45:00,10.625,7.9375,7.75,1569,202
sep,108,23.09.2023,03:00:00,10.5625,7.625,7.4375,1575,202
sep,109,23.09.2023,03:15:00,10.5,7.5,7.375,1579,202
sep,110,23.09.2023,03:30:00,10.4375,7.4375,7.25,1581,202
sep,111,23.09.2023,03:45:00,10.375,7.5,7.375,1582,202
sep,112,23.09.2023,04:00:00,10.375,7.5,7.4375,1582,202
sep,113,23.09.2023,04:15:00,10.3125,7.4375,7.5,1584,202
sep,114,23.09.2023,04:30:00,10.25,7.3125,7.25,1590,202
sep,115,23.09.2023,04:45:00,10.25,7.375,7.25,1591,202
sep,116,23.09.2023,05:00:00,10.1875,7.375,7.25,1593,202
sep,117,23.09.2023,05:15:00,10.125,7.3125,7.125,1594,202
sep,118,23.09.2023,05:30:00,10.125,7.4375,7.125,1594,202
sep,119,23.09.2023,05:45:00,10.125,7.4375,7.125,1595,202
sep,120,23.09.2023,06:00:00,10.0625,7.5,7.25,1595,202
sep,121,23.09.2023,06:15:00,10.0625,7.5,7.125,1595,202
sep,122,23.09.2023,06:30:00,10.0625,7.5,7.1875,1595,202
sep,123,23.09.2023,06:45:00,10,7.625,7.375,1595,202
sep,124,23.09.2023,07:00:00,10,7.9375,7.6875,1595,202
sep,125,23.09.2023,07:15:00,10.0625,8.25,8,1596,202
sep,126,23.09.2023,07:30:00,10.125,8.625,8.375,1596,202
sep,127,23.09.2023,07:45:00,10.1875,9.1875,9,1598,202
sep,128,23.09.2023,08:00:00,10.25,9.875,9.5625,1598,202
sep,129,23.09.2023,08:15:00,10.375,10.125,9.625,1599,202
sep,130,23.09.2023,08:30:00,10.5,10,9.4375,1598,202
sep,131,23.09.2023,08:45:00,10.625,10.125,9.5,1597,202
sep,132,23.09.2023,09:00:00,10.6875,10.5,9.9375,1598,202
sep,133,23.09.2023,09:15:00,10.8125,11.125,10.4375,1599,202
sep,134,23.09.2023,09:30:00,11,11.125,10.375,1598,202
sep,135,23.09.2023,09:45:00,11.125,11.375,10.625,1598,202
sep,136,23.09.2023,10:00:00,11.25,11.5,10.75,1597,202
sep,137,23.09.2023,10:15:00,11.375,12.5,11.5,1597,202
sep,138,23.09.2023,10:30:00,11.5,12.875,11.75,1596,202
sep,139,23.09.2023,10:45:00,11.6875,14.8125,13.375,1598,202
sep,140,23.09.2023,11:00:00,12,15,13.25,1595,202
sep,141,23.09.2023,11:15:00,12.25,13.6875,12,1589,202
sep,142,23.09.2023,11:30:00,12.375,12.875,11.5,1586,202
sep,143,23.09.2023,11:45:00,12.5,13.375,12.25,1585,202
sep,144,23.09.2023,12:00:00,12.5625,13.125,12.0625,1583,202
sep,145,23.09.2023,12:15:00,12.625,13.75,12.5,1584,202
sep,146,23.09.2023,12:30:00,12.75,14.25,12.8125,1583,202
sep,147,23.09.2023,12:45:00,12.9375,13.75,12.6875,1581,202
sep,148,23.09.2023,13:00:00,13,11.75,11,1579,202
sep,149,23.09.2023,13:15:00,13,12,11.4375,1590,202
sep,150,23.09.2023,13:30:00,13,12.5625,11.9375,1591,202
sep,151,23.09.2023,13:45:00,13.125,12.375,11.625,1588,202
sep,152,23.09.2023,14:00:00,13.125,12.125,11.625,1586,202
sep,153,23.09.2023,14:15:00,13.0625,12.75,12.125,1582,202
sep,154,23.09.2023,14:30:00,13.0625,13.3125,12.625,1580,202
sep,155,23.09.2023,14:45:00,13.0625,14,13.0625,1577,202
sep,156,23.09.2023,15:00:00,13.0625,12.3125,11.75,1568,202
sep,157,23.09.2023,15:15:00,13,12.125,11.75,1563,202
sep,158,23.09.2023,15:30:00,12.875,12.625,12.0625,1561,202
sep,159,23.09.2023,15:45:00,12.875,12.125,11.75,1558,202
sep,160,23.09.2023,16:00:00,12.75,12,11.625,1555,202
sep,161,23.09.2023,16:15:00,12.75,12.125,12.0625,1552,202
sep,162,23.09.2023,16:30:00,12.625,12.3125,12.1875,1551,202
sep,163,23.09.2023,16:45:00,12.5625,11.3125,11.1875,1548,202
sep,164,23.09.2023,17:00:00,12.5,11.1875,11.375,1537,202
sep,165,23.09.2023,17:15:00,12.375,10.8125,10.875,1535,202
sep,166,23.09.2023,17:30:00,12.375,10.1875,10.3125,1533,202
sep,167,23.09.2023,17:45:00,12.1875,9.625,9.75,1531,202
sep,168,23.09.2023,18:00:00,12,9,9.125,1529,202
sep,169,23.09.2023,18:15:00,11.875,8.875,9,1527,202
sep,170,23.09.2023,18:30:00,11.75,8.5,8.75,1527,202
sep,171,23.09.2023,18:45:00,11.625,8.5625,9.0625,1525,202
sep,172,23.09.2023,19:00:00,11.4375,8.0625,8.375,1525,202
sep,173,23.09.2023,19:15:00,11.3125,8.125,8.375,1526,202
sep,174,23.09.2023,19:30:00,11.1875,8.375,8.4375,1527,202
sep,175,23.09.2023,19:45:00,11.125,8.5,8.4375,1526,202
sep,176,23.09.2023,20:00:00,11.0625,8.625,8.6875,1526,202
sep,177,23.09.2023,20:15:00,11,8.6875,8.625,1526,202
sep,178,23.09.2023,20:30:00,11,8.75,8.625,1527,202
sep,179,23.09.2023,20:45:00,10.9375,8.8125,8.625,1528,202
sep,180,23.09.2023,21:00:00,10.9375,8.9375,9,1527,202
sep,181,23.09.2023,21:15:00,10.875,9.3125,9.625,1528,202
sep,182,23.09.2023,21:30:00,10.875,9.5,9.875,1527,202
sep,183,23.09.2023,21:45:00,10.8125,9.625,10,1527,202
sep,184,23.09.2023,22:00:00,10.75,9.75,10.125,1527,202
sep,185,23.09.2023,22:15:00,10.75,9.75,10.0625,1526,202
sep,186,23.09.2023,22:30:00,10.75,9.875,10.25,1526,202
sep,187,23.09.2023,22:45:00,10.6875,9.875,10.25,1524,202
sep,188,23.09.2023,23:00:00,10.625,9.375,9.625,1522,202
sep,189,23.09.2023,23:15:00,10.625,9.375,9.875,1522,202
sep,190,23.09.2023,23:30:00,10.625,9.1875,9.75,1523,202
sep,191,23.09.2023,23:45:00,10.625,9.125,9.625,1530,202
sep,192,24.09.2023,00:00:00,10.625,9.0625,9.5,1548,202
sep,193,24.09.2023,00:15:00,10.5,9.125,9.5,1561,202
sep,194,24.09.2023,00:30:00,10.5,9.125,9.375,1654,202
sep,195,24.09.2023,00:45:00,10.5,9.125,9.3125,1806,202
sep,196,24.09.2023,01:00:00,10.5,9.1875,9.3125,1835,202
sep,197,24.09.2023,01:15:00,10.5,9.25,9.375,1816,202
sep,198,24.09.2023,01:30:00,10.5,9.5,9.75,1803,202
sep,199,24.09.2023,01:45:00,10.5,9.5625,10,1794,202
sep,200,24.09.2023,02:00:00,10.5,9.5,10,1786,202
sep,201,24.09.2023,02:15:00,10.5,9.4375,10.0625,1832,202
sep,202,24.09.2023,02:30:00,10.4375,9.6875,10.375,1809,202
sep,203,24.09.2023,02:45:00,10.4375,10.25,10.875,1790,202
sep,204,24.09.2023,03:00:00,10.5,10.25,11,1766,202
sep,205,24.09.2023,03:15:00,10.5,10.4375,11.125,1762,202
sep,206,24.09.2023,03:30:00,10.5,10.125,10.875,1758,202
sep,207,24.09.2023,03:45:00,10.5,10.1875,10.9375,1756,202
sep,208,24.09.2023,04:00:00,10.5,10.625,11.375,1755,202
sep,209,24.09.2023,04:15:00,10.5,11.0625,11.75,1754,202
sep,210,24.09.2023,04:30:00,10.625,11.125,11.625,1754,202
sep,211,24.09.2023,04:45:00,10.625,11,11.625,1751,202
sep,212,24.09.2023,05:00:00,10.6875,11.25,11.875,1749,202
sep,213,24.09.2023,05:15:00,10.75,11.5,12.125,1748,202
sep,214,24.09.2023,05:30:00,10.8125,11.625,12.25,1746,202
sep,215,24.09.2023,05:45:00,10.875,11.8125,12.375,1746,202
sep,216,24.09.2023,06:00:00,10.9375,11.875,12.375,1746,202
sep,217,24.09.2023,06:15:00,11,12.0625,12.6875,1745,202
sep,218,24.09.2023,06:30:00,11.0625,12.375,12.875,1745,202
sep,219,24.09.2023,06:45:00,11.125,12.625,13.25,1744,202
sep,220,24.09.2023,07:00:00,11.25,12.75,13.25,1743,202
sep,221,24.09.2023,07:15:00,11.3125,13.0625,13.625,1757,202
sep,222,24.09.2023,07:30:00,11.375,13.125,13.75,1753,202
sep,223,24.09.2023,07:45:00,11.5,13.625,14.25,1758,202
sep,224,24.09.2023,08:00:00,11.625,13.75,14.125,1741,202
sep,225,24.09.2023,08:15:00,11.75,14.1875,14.625,1741,202
sep,226,24.09.2023,08:30:00,11.875,14.6875,15.25,1740,202
sep,227,24.09.2023,08:45:00,12.0625,15.375,15.75,1741,202
sep,228,24.09.2023,09:00:00,12.25,15.5625,15.875,1739,202
sep,229,24.09.2023,09:15:00,12.375,15.5,15.75,1737,202
sep,230,24.09.2023,09:30:00,12.5,15.875,16.3125,1736,202
sep,231,24.09.2023,09:45:00,12.6875,16.4375,16.875,1736,202
sep,232,24.09.2023,10:00:00,12.875,18.25,18.375,1736,202
sep,233,24.09.2023,10:15:00,13.125,17.125,17,1729,202
sep,234,24.09.2023,10:30:00,13.3125,17,17.1875,1725,202
sep,235,24.09.2023,10:45:00,13.4375,17.375,17.125,1721,202
sep,236,24.09.2023,11:00:00,13.625,19.125,18.875,1722,202
sep,237,24.09.2023,11:15:00,13.8125,18.4375,18.25,1715,202
sep,238,24.09.2023,11:30:00,14,17.4375,17.375,1708,202
sep,239,24.09.2023,11:45:00,14,17.375,17.625,1702,202
sep,240,24.09.2023,12:00:00,14.0625,17,17.125,1697,202
sep,241,24.09.2023,12:15:00,14.125,17.375,17.5625,1695,202
sep,242,24.09.2023,12:30:00,14.125,17.75,17.875,1692,202
sep,243,24.09.2023,12:45:00,14.25,17.375,17.5625,1688,202
sep,244,24.09.2023,13:00:00,14.25,17.25,17.5,1686,202
sep,245,24.09.2023,13:15:00,14.3125,17.125,17.5,1685,202
sep,246,24.09.2023,13:30:00,14.3125,16.75,17.125,1682,202
sep,247,24.09.2023,13:45:00,14.3125,16.75,17.1875,1681,202
sep,248,24.09.2023,14:00:00,14.375,16.375,16.625,1681,202
sep,249,24.09.2023,14:15:00,14.375,16.5625,16.875,1683,202
sep,250,24.09.2023,14:30:00,14.375,16.125,16.5,1684,202
sep,251,24.09.2023,14:45:00,14.375,15.875,16.375,1699,202
sep,252,24.09.2023,15:00:00,14.375,15.75,16.0625,1709,202
sep,253,24.09.2023,15:15:00,14.375,15.5,15.75,1709,202
sep,254,24.09.2023,15:30:00,14.375,15.625,16,1707,202
sep,255,24.09.2023,15:45:00,14.375,15.5625,16.125,1704,202
sep,256,24.09.2023,16:00:00,14.375,15.6875,16.1875,1701,202
sep,257,24.09.2023,16:15:00,14.375,15.25,15.25,1738,202
sep,258,24.09.2023,16:30:00,14.375,15.0625,15.25,1747,202
sep,259,24.09.2023,16:45:00,14.375,14.8125,15.0625,1736,202
sep,260,24.09.2023,17:00:00,14.3125,14.75,15.25,1728,202
sep,261,24.09.2023,17:15:00,14.25,15.125,15.75,1722,202
sep,262,24.09.2023,17:30:00,14.25,15.375,16,1715,202
sep,263,24.09.2023,17:45:00,14.125,15.375,16.125,1707,202
sep,264,24.09.2023,18:00:00,14.125,15.25,16,1701,202
sep,265,24.09.2023,18:15:00,14,15.125,15.875,1696,202
sep,266,24.09.2023,18:30:00,13.9375,15,15.75,1692,202
sep,267,24.09.2023,18:45:00,13.875,14.5,15,1688,202
sep,268,24.09.2023,19:00:00,13.8125,14.25,14.875,1683,202
sep,269,24.09.2023,19:15:00,13.75,14.5625,15.25,1681,202
sep,270,24.09.2023,19:30:00,13.625,14.625,15.125,1679,202
sep,271,24.09.2023,19:45:00,13.625,14.125,14.5,1675,202
sep,272,24.09.2023,20:00:00,13.5625,14,14.5,1675,202
sep,273,24.09.2023,20:15:00,13.5,14.0625,14.75,1674,202
sep,274,24.09.2023,20:30:00,13.5,14,14.25,1677,202
sep,275,24.09.2023,20:45:00,13.5,13.875,14.25,1717,202
sep,276,24.09.2023,21:00:00,13.5,14,14.5625,1720,202
sep,277,24.09.2023,21:15:00,13.5,14,14.375,1726,202
sep,278,24.09.2023,21:30:00,13.5,14,14.375,1722,202
sep,279,24.09.2023,21:45:00,13.5,14.1875,14.5625,1851,202
sep,280,24.09.2023,22:00:00,13.5625,14.125,14.5,2116,202
sep,281,24.09.2023,22:15:00,13.625,13.4375,13.625,2090,202
sep,282,24.09.2023,22:30:00,13.5,12.75,13.25,2026,202
sep,283,24.09.2023,22:45:00,13.5,12.375,12.9375,1996,202
sep,284,24.09.2023,23:00:00,13.375,12,12.625,1976,202
sep,285,24.09.2023,23:15:00,13.25,12.0625,12.75,1958,202
sep,286,24.09.2023,23:30:00,13.125,11.875,12.75,1947,202
sep,287,24.09.2023,23:45:00,13,11.9375,12.8125,1937,202
sep,288,25.09.2023,00:00:00,13,11.625,12.25,1930,202
sep,289,25.09.2023,00:15:00,12.75,11.375,12.125,1924,202
sep,290,25.09.2023,00:30:00,12.625,11.25,12.0625,1917,202
sep,291,25.09.2023,00:45:00,12.5,11.125,11.8125,1911,202
sep,292,25.09.2023,01:00:00,12.375,11.125,11.9375,1907,202
sep,293,25.09.2023,01:15:00,12.3125,11.125,11.9375,1904,202
sep,294,25.09.2023,01:30:00,12.25,11,11.875,1897,202
sep,295,25.09.2023,01:45:00,12.125,10.875,11.75,1893,202
sep,296,25.09.2023,02:00:00,12.0625,10.9375,11.875,1889,202
sep,297,25.09.2023,02:15:00,12,10.875,11.75,1886,202
sep,298,25.09.2023,02:30:00,11.9375,11,11.875,1884,202
sep,299,25.09.2023,02:45:00,11.875,11.0625,12,1879,202
sep,300,25.09.2023,03:00:00,11.8125,11.125,12,1876,202
sep,301,25.09.2023,03:15:00,11.75,11.0625,12,1873,202
sep,302,25.09.2023,03:30:00,11.6875,11.125,12,1870,202
sep,303,25.09.2023,03:45:00,11.625,11.125,12.0625,1868,202
sep,304,25.09.2023,04:00:00,11.625,11.25,12.125,1865,202
sep,305,25.09.2023,04:15:00,11.5625,11.5,12.25,1864,202
sep,306,25.09.2023,04:30:00,11.5,11.375,12.25,1862,202
sep,307,25.09.2023,04:45:00,11.5,11.25,12.125,1860,202
sep,308,25.09.2023,05:00:00,11.5,11.375,12.1875,1859,202
sep,309,25.09.2023,05:15:00,11.5,12,12.75,1858,202
sep,310,25.09.2023,05:30:00,11.5,12.25,12.75,1857,202
sep,311,25.09.2023,05:45:00,11.625,12,12.625,1855,202
sep,312,25.09.2023,06:00:00,11.625,11.625,12.375,1853,202
sep,313,25.09.2023,06:15:00,11.625,11.75,12.5,1852,202
sep,314,25.09.2023,06:30:00,11.625,11.875,12.625,1851,202
sep,315,25.09.2023,06:45:00,11.625,12.5,13.125,1851,202
sep,316,25.09.2023,07:00:00,11.625,12.625,13.125,1850,202
sep,317,25.09.2023,07:15:00,11.75,12.75,13.1875,1850,202
sep,318,25.09.2023,07:30:00,11.75,13,13.4375,1851,202
sep,319,25.09.2023,07:45:00,11.875,13.0625,13.5,1849,202
sep,320,25.09.2023,08:00:00,11.875,13.375,13.6875,1848,202
sep,321,25.09.2023,08:15:00,12,13.75,14.0625,1848,202
sep,322,25.09.2023,08:30:00,12.0625,13.3125,13.625,1846,202
sep,323,25.09.2023,08:45:00,12.125,13,13.3125,1847,202
sep,324,25.09.2023,09:00:00,12.25,13.5,14,1850,202
sep,325,25.09.2023,09:15:00,12.3125,13.9375,14.6875,1849,202
sep,326,25.09.2023,09:30:00,12.375,14,14.3125,1846,202
sep,327,25.09.2023,09:45:00,12.5,13.125,13.125,1865,202
sep,328,25.09.2023,10:00:00,12.5625,14,14.25,1854,202
sep,329,25.09.2023,10:15:00,12.6875,14.6875,15,1849,202
sep,330,25.09.2023,10:30:00,12.8125,15.5,15.75,1846,202
sep,331,25.09.2023,10:45:00,12.9375,15.625,15.9375,1844,202
sep,332,25.09.2023,11:00:00,13.0625,15.75,15.875,1837,202
sep,333,25.09.2023,11:15:00,13.1875,16.25,16.1875,1834,202
sep,334,25.09.2023,11:30:00,13.25,16.4375,16.375,1831,202
sep,335,25.09.2023,11:45:00,13.375,15.9375,15.8125,1826,202
sep,336,25.09.2023,12:00:00,13.375,15.75,16,1822,202
sep,337,25.09.2023,12:15:00,13.5,16.875,17,1820,202
sep,338,25.09.2023,12:30:00,13.5,17.5,17.75,1813,202
sep,339,25.09.2023,12:45:00,13.625,16.9375,16.875,1809,202
sep,340,25.09.2023,13:00:00,13.75,17.5,17.375,1807,202
sep,341,25.09.2023,13:15:00,13.875,19.5,19.125,1808,202
sep,342,25.09.2023,13:30:00,14.0625,18.25,17.75,1800,202
sep,343,25.09.2023,13:45:00,14.1875,17.25,17.0625,1791,202
sep,344,25.09.2023,14:00:00,14.1875,17.75,16.875,1827,202
sep,345,25.09.2023,14:15:00,14.25,15.625,15.5,1782,202
sep,346,25.09.2023,14:30:00,14.1875,16.1875,16.25,1779,202
sep,347,25.09.2023,14:45:00,14.1875,17.0625,16.75,1778,202
sep,348,25.09.2023,15:00:00,14.25,18,17.75,1777,202
sep,349,25.09.2023,15:15:00,14.25,17.5,17.125,1772,202
sep,350,25.09.2023,15:30:00,14.25,17.375,17.25,1770,202
sep,351,25.09.2023,15:45:00,14.25,15.5,15.625,1764,202
sep,352,25.09.2023,16:00:00,14.25,16.125,16.25,1763,202
sep,353,25.09.2023,16:15:00,14.125,16,16.25,1759,202
sep,354,25.09.2023,16:30:00,14.0625,15.6875,16.1875,1756,202
sep,355,25.09.2023,16:45:00,14,15.4375,15.9375,1755,202
sep,356,25.09.2023,17:00:00,13.875,13.875,14.375,1749,202
sep,357,25.09.2023,17:15:00,13.75,13.375,14,1747,202
sep,358,25.09.2023,17:30:00,13.625,12.875,13.5625,1744,202
sep,359,25.09.2023,17:45:00,13.4375,12.5,13.25,1742,202
sep,360,25.09.2023,18:00:00,13.25,12.125,12.875,1741,202
sep,361,25.09.2023,18:15:00,13.125,12,12.875,1738,202
sep,362,25.09.2023,18:30:00,13,11.5,12.375,1737,202
sep,363,25.09.2023,18:45:00,12.875,11,11.875,1735,202
sep,364,25.09.2023,19:00:00,12.75,11.125,12,1736,202
sep,365,25.09.2023,19:15:00,12.625,11,11.8125,1735,202
sep,366,25.09.2023,19:30:00,12.5,10.875,11.6875,1734,202
sep,367,25.09.2023,19:45:00,12.375,10.5,11.3125,1734,202
sep,368,25.09.2023,20:00:00,12.25,10.25,11.125,1734,202
sep,369,25.09.2023,20:15:00,12.1875,10.5,11.375,1735,202
sep,370,25.09.2023,20:30:00,12.125,10.5,11.375,1735,202
sep,371,25.09.2023,20:45:00,12,10.375,11.125,1734,202
sep,372,25.09.2023,21:00:00,11.9375,10.375,11.375,1735,202
sep,373,25.09.2023,21:15:00,11.875,10.3125,11.4375,1735,202
sep,374,25.09.2023,21:30:00,11.8125,10.375,11.625,1736,202
sep,375,25.09.2023,21:45:00,11.75,9.875,10.6875,1735,202
sep,376,25.09.2023,22:00:00,11.625,9.75,10.375,1735,202
sep,377,25.09.2023,22:15:00,11.625,9.625,10.375,1734,202
sep,378,25.09.2023,22:30:00,11.5,9.75,10.5,1735,202
sep,379,25.09.2023,22:45:00,11.4375,10.375,11.375,1735,202
sep,380,25.09.2023,23:00:00,11.375,10.75,11.75,1736,202
sep,381,25.09.2023,23:15:00,11.375,10.375,11.25,1735,202
sep,382,25.09.2023,23:30:00,11.375,10.25,11.375,1734,202
sep,383,25.09.2023,23:45:00,11.375,10.25,11.25,1734,202
sep,384,26.09.2023,00:00:00,11.375,10.875,12,1735,202
sep,385,26.09.2023,00:15:00,11.25,11.25,12.3125,1735,202
sep,386,26.09.2023,00:30:00,11.25,11.25,12.25,1735,202
sep,387,26.09.2023,00:45:00,11.3125,11.375,12.3125,1734,202
sep,388,26.09.2023,01:00:00,11.3125,11,12,1733,202
sep,389,26.09.2023,01:15:00,11.3125,10.75,11.75,1732,202
sep,390,26.09.2023,01:30:00,11.25,10.875,11.8125,1731,202
sep,391,26.09.2023,01:45:00,11.25,10.625,11.5,1731,202
sep,392,26.09.2023,02:00:00,11.1875,10.125,10.9375,1730,202
sep,393,26.09.2023,02:15:00,11.125,10,10.875,1730,202
sep,394,26.09.2023,02:30:00,11.125,10.125,11.1875,1730,202
sep,395,26.09.2023,02:45:00,11.0625,10.375,11.625,1730,202
sep,396,26.09.2023,03:00:00,11,9.75,10.625,1729,202
sep,397,26.09.2023,03:15:00,11,8.8125,9.375,1728,202
sep,398,26.09.2023,03:30:00,10.875,9.125,9.75,1728,202
sep,399,26.09.2023,03:45:00,10.875,9.875,10.4375,1730,202
sep,400,26.09.2023,04:00:00,10.875,10.125,10.6875,1731,202
sep,401,26.09.2023,04:15:00,10.9375,9.75,10.25,1730,202
sep,402,26.09.2023,04:30:00,10.9375,10.5,11,1731,202
sep,403,26.09.2023,04:45:00,10.9375,10.5,10.875,1731,202
sep,404,26.09.2023,05:00:00,11,10.3125,10.6875,1731,202
sep,405,26.09.2023,05:15:00,11,10.5,10.875,1731,202
sep,406,26.09.2023,05:30:00,11,10.375,10.625,1731,202
sep,407,26.09.2023,05:45:00,11,10.5,10.875,1732,202
sep,408,26.09.2023,06:00:00,11,10.875,11.5625,1732,202
sep,409,26.09.2023,06:15:00,11,10.75,11.375,1732,202
sep,410,26.09.2023,06:30:00,11.0625,10.875,11.375,1732,202
sep,411,26.09.2023,06:45:00,11.0625,11,11.4375,1732,202
sep,412,26.09.2023,07:00:00,11.125,10.875,11.5,1733,202
sep,413,26.09.2023,07:15:00,11.125,11.25,12,1733,202
sep,414,26.09.2023,07:30:00,11.125,11.375,12,1732,202
sep,415,26.09.2023,07:45:00,11.125,11.625,12.125,1732,202
sep,416,26.09.2023,08:00:00,11.125,11.75,12.25,1731,202
sep,417,26.09.2023,08:15:00,11.1875,11.9375,12.375,1730,202
sep,418,26.09.2023,08:30:00,11.25,12.25,12.75,1730,202
sep,419,26.09.2023,08:45:00,11.25,12.375,12.875,1729,202
sep,420,26.09.2023,09:00:00,11.375,12.625,13.1875,1729,202
sep,421,26.09.2023,09:15:00,11.375,13.625,14,1731,202
sep,422,26.09.2023,09:30:00,11.5625,15.625,16.3125,1735,202
sep,423,26.09.2023,09:45:00,11.75,15.1875,15.25,1734,202
sep,424,26.09.2023,10:00:00,12,17.875,17.75,1739,202
sep,425,26.09.2023,10:15:00,12.25,15.875,15.625,1732,202
sep,426,26.09.2023,10:30:00,12.5,17.625,16.75,1734,202
sep,427,26.09.2023,10:45:00,12.75,16.125,16.0625,1727,202
sep,428,26.09.2023,11:00:00,12.875,15.875,15.75,1725,202
sep,429,26.09.2023,11:15:00,13,15.75,15.75,1722,202
sep,430,26.09.2023,11:30:00,13.0625,16.5625,16.5,1722,202
sep,431,26.09.2023,11:45:00,13.1875,16.4375,16.125,1718,202
sep,432,26.09.2023,12:00:00,13.25,16,16,1715,202
sep,433,26.09.2023,12:15:00,13.3125,15.125,15.375,1711,202
sep,434,26.09.2023,12:30:00,13.3125,13.375,13.625,1711,202
sep,435,26.09.2023,12:45:00,13.25,13.625,13.875,1743,202
sep,436,26.09.2023,13:00:00,13.25,14.125,14.1875,1735,202
sep,437,26.09.2023,13:15:00,13.3125,14.625,14.5,1730,202
sep,438,26.09.2023,13:30:00,13.375,16.75,16.875,1731,202
sep,439,26.09.2023,13:45:00,13.5625,16.125,15.75,1725,202
sep,440,26.09.2023,14:00:00,13.6875,15.375,15.5625,1719,202
sep,441,26.09.2023,14:15:00,13.75,18,18.125,1722,202
sep,442,26.09.2023,14:30:00,13.875,16.75,16.6875,1715,202
sep,443,26.09.2023,14:45:00,13.875,15.625,15.625,1710,202
sep,444,26.09.2023,15:00:00,13.875,16.75,16.8125,1710,202
sep,445,26.09.2023,15:15:00,13.875,15.375,15.5,1705,202
sep,446,26.09.2023,15:30:00,13.875,16.125,16.0625,1704,202
sep,447,26.09.2023,15:45:00,13.875,15.8125,15.9375,1700,202
sep,448,26.09.2023,16:00:00,13.75,16,16.25,1698,202
sep,449,26.09.2023,16:15:00,13.75,16,16.375,1696,202
sep,450,26.09.2023,16:30:00,13.625,15.375,16,1693,202
sep,451,26.09.2023,16:45:00,13.625,13.5,14.125,1689,202
sep,452,26.09.2023,17:00:00,13.5,13.125,13.875,1688,202
sep,453,26.09.2023,17:15:00,13.375,13,13.75,1687,202
sep,454,26.09.2023,17:30:00,13.25,12.8125,13.4375,1687,202
sep,455,26.09.2023,17:45:00,13.125,12,12.625,1685,202
sep,456,26.09.2023,18:00:00,13,11.625,12.375,1684,202
sep,457,26.09.2023,18:15:00,12.875,11.625,12.25,1683,202
sep,458,26.09.2023,18:30:00,12.75,11.8125,12.375,1684,202
sep,459,26.09.2023,18:45:00,12.6875,10.625,11.125,1717,202
sep,460,26.09.2023,19:00:00,12.5,10,10,2215,202
sep,461,26.09.2023,19:15:00,12.375,10.25,10.3125,2156,202
sep,462,26.09.2023,19:30:00,12.25,10.125,10.3125,2127,202
sep,463,26.09.2023,19:45:00,12.25,10.1875,10.125,2080,202
sep,464,26.09.2023,20:00:00,12.1875,10.125,10.125,2054,202
sep,465,26.09.2023,20:15:00,12.125,10.125,10.125,2034,202
sep,466,26.09.2023,20:30:00,12.0625,10.25,10.1875,2023,202
sep,467,26.09.2023,20:45:00,12,10.25,10.25,2052,202
sep,468,26.09.2023,21:00:00,12,10.25,10.25,2052,202
sep,469,26.09.2023,21:15:00,11.9375,10.3125,10.25,2028,202
sep,470,26.09.2023,21:30:00,11.875,10.3125,10.375,2014,202
sep,471,26.09.2023,21:45:00,11.875,10.25,10.5625,2009,202
sep,472,26.09.2023,22:00:00,11.875,10.25,10.5625,1999,202
sep,473,26.09.2023,22:15:00,11.8125,10.125,10.375,1997,202
sep,474,26.09.2023,22:30:00,11.6875,9.875,10,2322,202
sep,475,26.09.2023,22:45:00,11.625,9.5,9.625,2215,202
sep,476,26.09.2023,23:00:00,11.625,9.3125,9.375,2157,202
sep,477,26.09.2023,23:15:00,11.5625,9.375,9.375,2126,202
sep,478,26.09.2023,23:30:00,11.5,8.8125,9.0625,2104,202
sep,479,26.09.2023,23:45:00,11.375,8.75,9.25,2088,202
sep,480,27.09.2023,00:00:00,11.375,8.3125,8.625,2074,202
sep,481,27.09.2023,00:15:00,11.25,8.1875,8.5,2065,202
sep,482,27.09.2023,00:30:00,11.125,7.875,8.25,2058,202
sep,483,27.09.2023,00:45:00,11,7.625,8,2051,202
sep,484,27.09.2023,01:00:00,10.875,7.125,7.5,2046,202
sep,485,27.09.2023,01:15:00,10.75,7.25,7.5625,2040,202
sep,486,27.09.2023,01:30:00,10.625,7.0625,7.375,2036,202
sep,487,27.09.2023,01:45:00,10.5,7,7.3125,2034,202
sep,488,27.09.2023,02:00:00,10.375,6.875,7.125,2030,202
sep,489,27.09.2023,02:15:00,10.3125,6.5625,6.75,2025,202
sep,490,27.09.2023,02:30:00,10.25,6.375,6.5,2022,202
sep,491,27.09.2023,02:45:00,10.125,5.75,5.6875,2019,202
sep,492,27.09.2023,03:00:00,10,6.1875,6.5,2017,202
sep,493,27.09.2023,03:15:00,9.9375,6.4375,6.6875,2014,202
sep,494,27.09.2023,03:30:00,9.875,6.875,7.4375,2012,202
sep,495,27.09.2023,03:45:00,9.8125,6.875,7.375,2008,202
sep,496,27.09.2023,04:00:00,9.75,6.9375,7.625,2006,202
sep,497,27.09.2023,04:15:00,9.6875,7.3125,8.125,2004,202
sep,498,27.09.2023,04:30:00,9.625,7.375,8.25,2002,202
sep,499,27.09.2023,04:45:00,9.625,7.625,8.625,2001,202
sep,500,27.09.2023,05:00:00,9.625,7.5,8.375,1999,202
sep,501,27.09.2023,05:15:00,9.625,6.9375,7.375,1996,202
sep,502,27.09.2023,05:30:00,9.5,6.5,6.8125,1994,202
sep,503,27.09.2023,05:45:00,9.5,6.625,7,1992,202
sep,504,27.09.2023,06:00:00,9.4375,6.375,6.4375,1991,202
sep,505,27.09.2023,06:15:00,9.375,5.875,6.0625,1988,202
sep,506,27.09.2023,06:30:00,9.3125,6.0625,6.25,1986,202
sep,507,27.09.2023,06:45:00,9.25,6.625,7.5,1984,202
sep,508,27.09.2023,07:00:00,9.25,7.875,9.375,1986,202
sep,509,27.09.2023,07:15:00,9.25,9.125,11,1986,202
sep,510,27.09.2023,07:30:00,9.3125,9.25,10,1984,202
sep,511,27.09.2023,07:45:00,9.4375,9.4375,10.125,1981,202
sep,512,27.09.2023,08:00:00,9.5625,9.75,10.5,1979,202
sep,513,27.09.2023,08:15:00,9.6875,10,10.5625,1979,202
sep,514,27.09.2023,08:30:00,9.8125,10.25,10.875,1976,202
sep,515,27.09.2023,08:45:00,9.9375,10.625,11,1976,202
sep,516,27.09.2023,09:00:00,10.125,11.1875,11.625,1972,202
sep,517,27.09.2023,09:15:00,10.25,11.6875,11.9375,1970,202
sep,518,27.09.2023,09:30:00,10.375,11.9375,12.0625,1970,202
sep,519,27.09.2023,09:45:00,10.625,12.375,12.3125,1969,202
sep,520,27.09.2023,10:00:00,10.75,12.5,12.25,1968,202
sep,521,27.09.2023,10:15:00,11,12.625,12.375,1966,202
sep,522,27.09.2023,10:30:00,11.125,12.75,12.5,1964,202
sep,523,27.09.2023,10:45:00,11.25,13,12.75,1962,202
sep,524,27.09.2023,11:00:00,11.375,12.75,12.625,1960,202
sep,525,27.09.2023,11:15:00,11.5,12.875,12.8125,1958,202
sep,526,27.09.2023,11:30:00,11.625,12.5,12.4375,1955,202
sep,527,27.09.2023,11:45:00,11.625,12.125,12,1952,202
sep,528,27.09.2023,12:00:00,11.6875,11.875,11.8125,1950,202
sep,529,27.09.2023,12:15:00,11.6875,11.8125,11.75,1949,202
sep,530,27.09.2023,12:30:00,11.6875,11.75,11.75,1947,202
sep,531,27.09.2023,12:45:00,11.6875,11.6875,11.75,1947,202
sep,532,27.09.2023,13:00:00,11.625,11.625,11.8125,1948,202
sep,533,27.09.2023,13:15:00,11.6875,11.625,11.875,1954,202
sep,534,27.09.2023,13:30:00,11.6875,11.6875,11.9375,1969,202
sep,535,27.09.2023,13:45:00,11.6875,11.8125,12.0625,1981,202
sep,536,27.09.2023,14:00:00,11.75,11.75,12,1978,202
sep,537,27.09.2023,14:15:00,11.75,11.625,11.875,1973,202
sep,538,27.09.2023,14:30:00,11.75,11.625,11.75,1972,202
sep,539,27.09.2023,14:45:00,11.75,11.5,11.75,1970,202
sep,540,27.09.2023,15:00:00,11.75,11.5625,11.75,1967,202
sep,541,27.09.2023,15:15:00,11.75,11.625,11.875,1965,202
sep,542,27.09.2023,15:30:00,11.75,11.625,11.9375,1963,202
sep,543,27.09.2023,15:45:00,11.75,11.625,11.9375,1962,202
sep,544,27.09.2023,16:00:00,11.75,11.75,12,1962,202
sep,545,27.09.2023,16:15:00,11.75,11.8125,12.125,1959,202
sep,546,27.09.2023,16:30:00,11.75,11.8125,12.125,1958,202
sep,547,27.09.2023,16:45:00,11.75,11.875,12.25,1962,202
sep,548,27.09.2023,17:00:00,11.75,12.125,12.5,1963,202
sep,549,27.09.2023,17:15:00,11.75,12.25,12.75,1976,202
sep,550,27.09.2023,17:30:00,11.8125,12.5,12.9375,1993,202
sep,551,27.09.2023,17:45:00,11.875,12.5625,13.1875,1993,202
sep,552,27.09.2023,18:00:00,11.875,12.75,13.375,1993,202
sep,553,27.09.2023,18:15:00,11.875,12.9375,13.6875,1986,202
sep,554,27.09.2023,18:30:00,11.9375,13.125,13.9375,1986,202
sep,555,27.09.2023,18:45:00,12,13.1875,13.875,1993,202
sep,556,27.09.2023,19:00:00,12,13.25,13.8125,2090,202
sep,557,27.09.2023,19:15:00,12.0625,13.25,13.9375,2075,202
sep,558,27.09.2023,19:30:00,12.125,13.375,13.875,2352,202
sep,559,27.09.2023,19:45:00,12.125,13.5,14.0625,2254,202
sep,560,27.09.2023,20:00:00,12.1875,13.5,14.125,2191,202
sep,561,27.09.2023,20:15:00,12.25,13.625,14.25,2215,202
sep,562,27.09.2023,20:30:00,12.25,13.125,14.0625,2184,202
sep,563,27.09.2023,20:45:00,12.25,13.5,14.375,2156,202
sep,564,27.09.2023,21:00:00,12.3125,13.5625,14.4375,2137,202
sep,565,27.09.2023,21:15:00,12.3125,13.5,14.5,2121,202
sep,566,27.09.2023,21:30:00,12.375,13.25,14.1875,2110,202
sep,567,27.09.2023,21:45:00,12.375,13,13.875,2097,202
sep,568,27.09.2023,22:00:00,12.3125,13,13.875,2088,202
sep,569,27.09.2023,22:15:00,12.25,12.75,13.625,2080,202
sep,570,27.09.2023,22:30:00,12.25,12.875,13.625,2075,202
sep,571,27.09.2023,22:45:00,12.25,13,13.625,2070,202
sep,572,27.09.2023,23:00:00,12.25,12.875,13.375,2064,202
sep,573,27.09.2023,23:15:00,12.25,12.875,13.375,2063,202
sep,574,27.09.2023,23:30:00,12.25,13.125,13.5,2064,202
sep,575,27.09.2023,23:45:00,12.25,13.375,13.625,2120,202
sep,576,28.09.2023,00:00:00,13.5,13.875,2115,202,0
sep,577,28.09.2023,00:15:00,12.375,13.3125,13.5,2106,202
sep,578,28.09.2023,00:30:00,12.4375,13.125,13.3125,2113,202
sep,579,28.09.2023,00:45:00,12.4375,13,13.25,2102,202
sep,580,28.09.2023,01:00:00,12.5,12.8125,13.1875,2090,202
sep,581,28.09.2023,01:15:00,12.4375,13,13.4375,2076,202
sep,582,28.09.2023,01:30:00,12.4375,12.875,13.3125,2067,202
sep,583,28.09.2023,01:45:00,12.4375,12.375,12.875,2059,202
sep,584,28.09.2023,02:00:00,12.375,12.375,13.125,2054,202
sep,585,28.09.2023,02:15:00,12.3125,12.3125,13,2051,202
sep,586,28.09.2023,02:30:00,12.25,12.625,13.25,2042,202
sep,587,28.09.2023,02:45:00,12.25,12.625,13.0625,2037,202
sep,588,28.09.2023,03:00:00,12.25,12.5,13,2038,202
sep,589,28.09.2023,03:15:00,12.25,12.4375,12.6875,2041,202
sep,590,28.09.2023,03:30:00,12.25,12.25,12.625,2039,202
sep,591,28.09.2023,03:45:00,12.25,12.375,12.75,2031,202
sep,592,28.09.2023,04:00:00,12.25,12.375,12.6875,2026,202
sep,593,28.09.2023,04:15:00,12.25,12.25,12.625,2023,202
sep,594,28.09.2023,04:30:00,12.25,12.1875,12.625,2020,202
sep,595,28.09.2023,04:45:00,12.1875,12.0625,12.5,2015,202
sep,596,28.09.2023,05:00:00,12.125,12.125,12.4375,2013,202
sep,597,28.09.2023,05:15:00,12.125,11.8125,12.125,2007,202
sep,598,28.09.2023,05:30:00,12.125,11.625,11.875,2003,202
sep,599,28.09.2023,05:45:00,12,11.5625,12,1999,202
sep,600,28.09.2023,06:00:00,12,11.375,12,1995,202
sep,601,28.09.2023,06:15:00,11.875,11.125,11.8125,1990,202
sep,602,28.09.2023,06:30:00,11.8125,11.5625,12.0625,1988,202
sep,603,28.09.2023,06:45:00,11.75,11.3125,11.9375,1985,202
sep,604,28.09.2023,07:00:00,11.6875,11.3125,11.9375,1983,202
sep,605,28.09.2023,07:15:00,11.625,11.25,12,1980,202
sep,606,28.09.2023,07:30:00,11.5625,11.5,12.125,1977,202
sep,607,28.09.2023,07:45:00,11.5,11.625,12.125,1974,202
sep,608,28.09.2023,08:00:00,11.5,11.6875,12.1875,1972,202
sep,609,28.09.2023,08:15:00,11.5,11.6875,12.25,1970,202
sep,610,28.09.2023,08:30:00,11.5,11.625,12.125,1969,202
sep,611,28.09.2023,08:45:00,11.5,12,12.5,1968,202
sep,612,28.09.2023,09:00:00,11.5,12,12.375,1966,202
sep,613,28.09.2023,09:15:00,11.5625,11.9375,12.3125,1964,202
sep,614,28.09.2023,09:30:00,11.5625,11.875,12.25,1961,202
sep,615,28.09.2023,09:45:00,11.625,11.875,12.375,1959,202
sep,616,28.09.2023,10:00:00,11.625,12.25,12.625,1958,202
sep,617,28.09.2023,10:15:00,11.625,12.1875,12.5625,1956,202
sep,618,28.09.2023,10:30:00,11.625,12.125,12.5,1954,202
sep,619,28.09.2023,10:45:00,11.6875,12.5,12.875,1954,202
sep,620,28.09.2023,11:00:00,11.75,12.8125,13.0625,1953,202
sep,621,28.09.2023,11:15:00,11.8125,12.625,13,1950,202
sep,622,28.09.2023,11:30:00,11.875,12.875,13.1875,1948,202
sep,623,28.09.2023,11:45:00,11.875,12.8125,13,1944,202
sep,624,28.09.2023,12:00:00,11.875,12.5625,12.9375,1941,202
sep,625,28.09.2023,12:15:00,11.875,12.625,13,1939,202
sep,626,28.09.2023,12:30:00,11.875,13.25,13.6875,1938,202
sep,627,28.09.2023,12:45:00,12,13.8125,14,1938,202
sep,628,28.09.2023,13:00:00,12,14,14.25,1935,202
sep,629,28.09.2023,13:15:00,12.125,15.125,15,1935,202
sep,630,28.09.2023,13:30:00,12.25,14.625,14.5,1931,202
sep,631,28.09.2023,13:45:00,12.375,15,14.9375,1930,202
sep,632,28.09.2023,14:00:00,12.5,14.25,14.3125,1925,202
sep,633,28.09.2023,14:15:00,12.5625,14.75,14.625,1924,202
sep,634,28.09.2023,14:30:00,12.625,14,14.25,1919,202
sep,635,28.09.2023,14:45:00,12.625,13.5,13.8125,1917,202
sep,636,28.09.2023,15:00:00,12.5625,13.6875,14,1915,202
sep,637,28.09.2023,15:15:00,12.5,13.75,14.125,1913,202
sep,638,28.09.2023,15:30:00,12.5,13.75,14.125,1916,202
sep,639,28.09.2023,15:45:00,12.5,13.375,13.75,1909,202
sep,640,28.09.2023,16:00:00,12.5,13.125,13.5625,1907,202
sep,641,28.09.2023,16:15:00,12.4375,13.125,13.625,1907,202
sep,642,28.09.2023,16:30:00,12.375,13.25,13.6875,1906,202
sep,643,28.09.2023,16:45:00,12.375,13.125,13.5,1904,202
sep,644,28.09.2023,17:00:00,12.375,12.875,13.25,1904,202
sep,645,28.09.2023,17:15:00,12.3125,12.625,13,1900,202
sep,646,28.09.2023,17:30:00,12.25,12.375,12.8125,1897,202
sep,647,28.09.2023,17:45:00,12.1875,12.1875,12.625,1896,202
sep,648,28.09.2023,18:00:00,12.125,12,12.625,1895,202
sep,649,28.09.2023,18:15:00,12.0625,12,12.625,1894,202
sep,650,28.09.2023,18:30:00,12,11.8125,12.5,1893,202
sep,651,28.09.2023,18:45:00,11.875,11.75,12.375,1892,202
sep,652,28.09.2023,19:00:00,11.875,11.9375,12.5,1893,202
sep,653,28.09.2023,19:15:00,11.8125,12,12.625,1892,202
sep,654,28.09.2023,19:30:00,11.75,12,12.625,1893,202
sep,655,28.09.2023,19:45:00,11.75,12.25,12.875,1890,202
sep,656,28.09.2023,20:00:00,11.75,12.375,12.875,1891,202
sep,657,28.09.2023,20:15:00,11.75,12.25,12.8125,1890,202
sep,658,28.09.2023,20:30:00,11.75,11.8125,12.375,1889,202
sep,659,28.09.2023,20:45:00,11.75,12.0625,12.625,1888,202
sep,660,28.09.2023,21:00:00,11.75,12.125,12.75,1889,202
sep,661,28.09.2023,21:15:00,11.75,11.375,11.625,2107,202
sep,662,28.09.2023,21:30:00,11.6875,11.375,11.625,2234,202
sep,663,28.09.2023,21:45:00,11.6875,11.5,11.625,2406,202
sep,664,28.09.2023,22:00:00,11.6875,11.375,11.625,2251,202
sep,665,28.09.2023,22:15:00,11.75,11.3125,11.625,2200,202
sep,666,28.09.2023,22:30:00,11.75,11.25,11.5,2226,202
sep,667,28.09.2023,22:45:00,11.6875,11.1875,11.5,2198,202
sep,668,28.09.2023,23:00:00,11.75,10.75,11.375,2161,202
sep,669,28.09.2023,23:15:00,11.625,10.375,11,2134,202
sep,670,28.09.2023,23:30:00,11.5625,10,10.875,2111,202
sep,671,28.09.2023,23:45:00,11.5,9.75,10.625,2091,202
sep,672,29.09.2023,00:00:00,11.5,9.75,10.625,2078,202
sep,673,29.09.2023,00:15:00,11.25,10.3125,10.875,2071,202
sep,674,29.09.2023,00:30:00,11.25,10.125,10.6875,2063,202
sep,675,29.09.2023,00:45:00,11.1875,9.375,10.125,2052,202
sep,676,29.09.2023,01:00:00,11.125,9.75,10.375,2047,202
sep,677,29.09.2023,01:15:00,11,9.5,10.125,2040,202
sep,678,29.09.2023,01:30:00,11,9.125,9.875,2034,202
sep,679,29.09.2023,01:45:00,10.875,9.1875,10.125,2032,202
sep,680,29.09.2023,02:00:00,10.75,9.125,10.0625,2029,202
sep,681,29.09.2023,02:15:00,10.6875,9,9.875,2023,202
sep,682,29.09.2023,02:30:00,10.625,9.3125,10.125,2019,202
sep,683,29.09.2023,02:45:00,10.5625,9.625,10.5,2016,202
sep,684,29.09.2023,03:00:00,10.5,9.5,10.25,2012,202
sep,685,29.09.2023,03:15:00,10.5,9.75,10.5,2008,202
sep,686,29.09.2023,03:30:00,10.5,9.875,10.6875,2004,202
sep,687,29.09.2023,03:45:00,10.5,9.625,10.5,2000,202
sep,688,29.09.2023,04:00:00,10.375,9.4375,10.3125,1997,202
sep,689,29.09.2023,04:15:00,10.375,9.5,10.375,1995,202
sep,690,29.09.2023,04:30:00,10.375,9.625,10.5,1993,202
sep,691,29.09.2023,04:45:00,10.3125,9.625,10.5,1989,202
sep,692,29.09.2023,05:00:00,10.25,9.5,10.4375,1986,202
sep,693,29.09.2023,05:15:00,10.25,9.5625,10.5,1984,202
sep,694,29.09.2023,05:30:00,10.1875,9.5625,10.375,1981,202
sep,695,29.09.2023,05:45:00,10.125,9.625,10.5,1979,202
sep,696,29.09.2023,06:00:00,10.125,10,10.75,1976,202
sep,697,29.09.2023,06:15:00,10.125,10,10.75,1973,202
sep,698,29.09.2023,06:30:00,10.125,10.125,10.75,1972,202
sep,699,29.09.2023,06:45:00,10.125,10.125,10.875,1969,202
sep,700,29.09.2023,07:00:00,10.125,10.25,11.25,1968,202
sep,701,29.09.2023,07:15:00,10.1875,10.9375,11.5,1967,202
sep,702,29.09.2023,07:30:00,10.25,11.375,12,1966,202
sep,703,29.09.2023,07:45:00,10.3125,12.125,12.5625,1966,202
sep,704,29.09.2023,08:00:00,10.375,12,12.5,1964,202
sep,705,29.09.2023,08:15:00,10.5,12.3125,12.6875,1961,202
sep,706,29.09.2023,08:30:00,10.625,12.625,12.75,1960,202
sep,707,29.09.2023,08:45:00,10.75,13.5,14.25,1958,202
sep,708,29.09.2023,09:00:00,10.875,13.75,14.3125,1956,202
sep,709,29.09.2023,09:15:00,11,14.25,14.5,1955,202
sep,710,29.09.2023,09:30:00,11.125,15.3125,15.5,1954,202
sep,711,29.09.2023,09:45:00,11.25,15.875,15.75,1952,202
sep,712,29.09.2023,10:00:00,11.5,16.875,16.375,1952,202
sep,713,29.09.2023,10:15:00,11.75,15.6875,15.5,1915,202
sep,714,29.09.2023,10:30:00,11.9375,15.875,15.6875,1924,202
sep,715,29.09.2023,10:45:00,12.125,16.625,16.125,1965,202
sep,716,29.09.2023,11:00:00,12.3125,16.75,16.125,1920,202
sep,717,29.09.2023,11:15:00,12.5,16.8125,16.25,1917,202
sep,718,29.09.2023,11:30:00,12.625,14.625,14.25,1912,202
sep,719,29.09.2023,11:45:00,12.6875,13.4375,13.3125,1905,202
sep,720,29.09.2023,12:00:00,12.625,14.3125,14.0625,1904,202
sep,721,29.09.2023,12:15:00,12.75,16.25,16,1906,202
sep,722,29.09.2023,12:30:00,12.8125,14.3125,14,1899,202
sep,723,29.09.2023,12:45:00,12.8125,14.1875,14.75,1900,202
sep,724,29.09.2023,13:00:00,12.875,16.375,15.75,1900,202
sep,725,29.09.2023,13:15:00,13,16.75,16.125,1887,202
sep,726,29.09.2023,13:30:00,13.125,16.25,16.25,1881,202
sep,727,29.09.2023,13:45:00,13.125,16.5625,16.375,1876,202
sep,728,29.09.2023,14:00:00,13.1875,16.6875,16.625,1874,202
sep,729,29.09.2023,14:15:00,13.125,16.75,16.375,1872,202
sep,730,29.09.2023,14:30:00,13.125,16.375,16,1868,202
sep,731,29.09.2023,14:45:00,13.125,16.25,16,1865,202
sep,732,29.09.2023,15:00:00,13.125,15.375,15.0625,1862,202
sep,733,29.09.2023,15:15:00,13.0625,14.5625,14.875,1860,202
sep,734,29.09.2023,15:30:00,13,13.75,14.0625,1857,202
sep,735,29.09.2023,15:45:00,12.9375,13.9375,14.3125,1856,202
sep,736,29.09.2023,16:00:00,12.875,12.9375,13.5,1855,202
sep,737,29.09.2023,16:15:00,12.8125,13.5,14.5,1854,202
sep,738,29.09.2023,16:30:00,12.75,13.875,14.625,1854,202
sep,739,29.09.2023,16:45:00,12.625,12.625,13.125,1851,202
sep,740,29.09.2023,17:00:00,12.625,11.875,12.375,1850,202
sep,741,29.09.2023,17:15:00,12.5,11.375,12.125,1848,202
sep,742,29.09.2023,17:30:00,12.375,11.875,12.5,1849,202
sep,743,29.09.2023,17:45:00,12.25,10.5,11.25,1847,202
sep,744,29.09.2023,18:00:00,12.1875,10.375,11.1875,1846,202
sep,745,29.09.2023,18:15:00,12.0625,10.3125,11.125,1846,202
sep,746,29.09.2023,18:30:00,11.9375,10.25,11.125,1845,202
sep,747,29.09.2023,18:45:00,11.875,10,10.875,1845,202
sep,748,29.09.2023,19:00:00,11.75,10.25,11.125,1845,202
sep,749,29.09.2023,19:15:00,11.625,9.9375,10.6875,1844,202
sep,750,29.09.2023,19:30:00,11.5625,9.75,10.5,1844,202
sep,751,29.09.2023,19:45:00,11.5,9.75,10.625,1843,202
sep,752,29.09.2023,20:00:00,11.375,9.8125,10.625,1842,202
sep,753,29.09.2023,20:15:00,11.3125,9.75,10.5625,1842,202
sep,754,29.09.2023,20:30:00,11.25,9.625,10.625,1843,202
sep,755,29.09.2023,20:45:00,11.125,9.75,10.625,1841,202
sep,756,29.09.2023,21:00:00,11.125,10,10.75,1841,202
sep,757,29.09.2023,21:15:00,11.0625,9.8125,10.625,1840,202
sep,758,29.09.2023,21:30:00,11,9.6875,10.5,1840,202
sep,759,29.09.2023,21:45:00,11,9.5,10.3125,1838,202
sep,760,29.09.2023,22:00:00,10.875,9.375,10.1875,1838,202
sep,761,29.09.2023,22:15:00,10.8125,9.25,10.0625,1838,202
sep,762,29.09.2023,22:30:00,10.75,9.125,9.9375,1837,202
sep,763,29.09.2023,22:45:00,10.6875,9.125,9.875,1836,202
sep,764,29.09.2023,23:00:00,10.625,9.125,9.875,1836,202
sep,765,29.09.2023,23:15:00,10.5625,9,9.875,1835,202
sep,766,29.09.2023,23:30:00,10.5,8.875,9.875,1835,202
sep,767,29.09.2023,23:45:00,10.4375,8.8125,9.75,1834,202
